Workbook

Sheet Modül Durumu
A1: Modül Adı | B1: Dosya Yolu | C1: Satır Sayısı | D1: Boyut (KB) | E1: Syntax | F1: Import Durumu | G1: Durum | H1: Notlar
A2: app/__init__ | B2: app/__init__.py | C2: 1 | D2: 0 | E2: ✅ OK | F2: ✅ OK | G2: ✅ Çalışıyor | H2: Ana paket başlatıcı
A3: api/__init__ | B3: app/api/__init__.py | C3: 14 | D3: 0.3 | E3: ✅ OK | F3: ✅ OK | G3: ✅ Çalışıyor | H3: Router import'ları
A4: enhancement_routes | B4: app/api/enhancement_routes.py | C4: 465 | D4: 17.2 | E4: ✅ OK | F4: ✅ OK | G4: ✅ Çalışıyor | H4: Platform yönetim endpoint'leri
A5: learning_routes | B5: app/api/learning_routes.py | C5: 750 | D5: 23.6 | E5: ✅ OK | F5: ✅ OK | G5: ✅ Çalışıyor | H5: Self-learning API endpoint'leri
A6: qa_routes | B6: app/api/qa_routes.py | C6: 821 | D6: 25.4 | E6: ✅ OK | F6: ⚠️ Eksik Import | G6: 🔶 Kısmi | H6: playwright, pages.* modülleri eksik (project_scaffolder bağımlılığı)
A7: routes | B7: app/api/routes.py | C7: 1676 | D7: 57 | E7: ✅ OK | F7: ✅ OK | G7: ✅ Çalışıyor | H7: Ana API router - en büyük route dosyası
A8: config | B8: app/config.py | C8: 104 | D8: 4.2 | E8: ✅ OK | F8: ✅ OK | G8: ✅ Çalışıyor | H8: Pydantic-settings yapılandırma
A9: main | B9: app/main.py | C9: 297 | D9: 12.4 | E9: ✅ OK | F9: ✅ OK | G9: ✅ Çalışıyor | H9: FastAPI uygulama başlatıcı
A10: middleware/__init__ | B10: app/middleware/__init__.py | C10: 13 | D10: 0.3 | E10: ✅ OK | F10: ✅ OK | G10: ✅ Çalışıyor | H10: Middleware export
A11: error_handler | B11: app/middleware/error_handler.py | C11: 381 | D11: 13.1 | E11: ✅ OK | F11: ✅ OK | G11: ✅ Çalışıyor | H11: Hata yakalama middleware
A12: rate_limiter | B12: app/middleware/rate_limiter.py | C12: 442 | D12: 15.2 | E12: ✅ OK | F12: ✅ OK | G12: ✅ Çalışıyor | H12: Rate limiting middleware
A13: models/__init__ | B13: app/models/__init__.py | C13: 51 | D13: 0.9 | E13: ✅ OK | F13: ✅ OK | G13: ✅ Çalışıyor | H13: Model export'ları
... A54: test_synthetic_generator | B54: tests/test_synthetic_generator.py | C54: 140 | D54: 5 | E54: ✅ OK | F54: ✅ OK | G54: ✅ Çalışıyor | H54: Sentetik veri testleri
A55: TOPLAM | C55: =SUM(C2:C54) -> 35719 | D55: =SUM(D2:D54) -> 1218 | E55: =COUNTIF(E2:E54,"*OK*")&"/"&COUNTA(E2:E54) -> 53/53 | G55: =COUNTIF(G2:G54,"*Çalışıyor*")&" OK / "&COUNTIF(G2:G54,"*Kısmi*")&" Kısmi" -> 48 OK / 5 Kısmi

Sheet API Endpoint'leri
A1: # | B1: Endpoint | C1: Method | D1: Fonksiyon | E1: Dosya | F1: Açıklama | G1: Durum
A2: 1 | B2: /api/upload | C2: POST | D2: upload_file | E2: app/api/routes.py | F2: CSV/Excel dosya yükleme | G2: ✅ Çalışıyor
A3: 2 | B3: /api/analyze/{dataset_id} | C3: POST | D3: analyze_dataset | E3: app/api/routes.py | F3: Dataset analizi başlat | G3: ✅ Çalışıyor
A4: 3 | B4: /api/classify/{dataset_id} | C4: POST | D4: classify_columns | E4: app/api/routes.py | F4: Kolon sınıflandırma | G4: ✅ Çalışıyor
A5: 4 | B5: /api/pii/{dataset_id} | C5: POST | D5: detect_pii | E5: app/api/routes.py | F5: PII tespiti | G5: ✅ Çalışıyor
A6: 5 | B6: /api/rules/{dataset_id} | C6: POST | D6: infer_rules | E6: app/api/routes.py | F6: Kural çıkarımı | G6: ✅ Çalışıyor
A7: 6 | B7: /api/relationships/{dataset_id} | C7: POST | D7: infer_relationships | E7: app/api/routes.py | F7: İlişki çıkarımı | G7: ✅ Çalışıyor
A8: 7 | B8: /api/generate/{dataset_id} | C8: POST | D8: generate_data | E8: app/api/routes.py | F8: Sentetik veri üretimi | G8: ✅ Çalışıyor
A9: 8 | B9: /api/scenario | C9: POST | D9: generate_scenario | E9: app/api/routes.py | F9: Senaryo bazlı üretim | G9: ✅ Çalışıyor
A10: 9 | B10: /api/generate-natural | C10: POST | D10: generate_natural | E10: app/api/routes.py | F10: Doğal dil ile üretim (LLM) | G10: ✅ Çalışıyor
A11: 10 | B11: /api/datasets | C11: GET | D11: list_datasets | E11: app/api/routes.py | F11: Dataset listesi | G11: ✅ Çalışıyor
A12: 11 | B12: /api/datasets/{dataset_id} | C12: GET | D12: get_dataset | E12: app/api/routes.py | F12: Dataset detayı | G12: ✅ Çalışıyor
A13: 12 | B13: /api/datasets/{id}/columns | C13: GET | D13: get_columns | E13: app/api/routes.py | F13: Kolon listesi | G13: ✅ Çalışıyor
... A75: 74 | B75: /api/webhooks/{id}/test | C75: POST | D75: test_webhook | E75: app/services/webhook_service.py | F75: Webhook test et | G75: ✅ Çalışıyor
A76: TOPLAM | B76: =COUNTA(B2:B75)&" endpoint" -> 74 endpoint | C76: =COUNTIF(C2:C75,"GET")&" GET, "&COUNTIF(C2:C75,"POST")&" POST, "&COUNTIF(C2:C75,"PUT")&" PUT, "&COUNTIF(C2:C75,"DELETE")&" DELETE" -> 40 GET, 28 POST, 1 PUT, 5 DELETE

Sheet Bağımlılıklar
A1: Paket Adı | B1: Versiyon (min) | C1: requirements.txt | D1: Kullanan Modüller | E1: Gerçekte Kullanılıyor | F1: Durum
A2: fastapi | B2: >=0.110.0 | C2: ✅ Var | D2: main, routes, qa_routes, learning_routes, enhancement_routes, audit_logger, data_versioning, export_templates, quality_dashboard, webhook_service | E2: ✅ Evet | F2: ✅ OK
A3: uvicorn | B3: >=0.29.0 | C3: ✅ Var | D3: main.py (run sunucu) | E3: ✅ Evet | F3: ✅ OK
A4: sqlalchemy | B4: >=2.0.0 | C4: ✅ Var | D4: database, dataset, learning_models, audit_logger, data_versioning, export_templates, quality_dashboard, webhook_service, routes | E4: ✅ Evet | F4: ✅ OK
A5: asyncpg | B5: >=0.29.0 | C5: ✅ Var | D5: PostgreSQL async driver | E5: ⚠️ Dolaylı | F5: ⚠️ Kısmi
A6: psycopg2-binary | B6: >=2.9.0 | C6: ✅ Var | D6: PostgreSQL sync driver | E6: ⚠️ Dolaylı | F6: ⚠️ Kısmi
A7: alembic | B7: >=1.13.0 | C7: ✅ Var | D7: Veritabanı migration'ları | E7: ❌ Hayır | F7: ⚠️ Tanımlı ama kullanılmıyor
A8: pandas | B8: >=2.2.0 | C8: ✅ Var | D8: routes, schema_analyzer, scenario_generator, synthetic_generator, conftest, test_api, test_performance | E8: ✅ Evet | F8: ✅ OK
A9: numpy | B9: >=1.26.0 | C9: ✅ Var | D9: scenario_generator, schema_analyzer, synthetic_generator, conftest, test_integration, test_performance | E9: ✅ Evet | F9: ✅ OK
A10: openpyxl | B10: >=3.1.0 | C10: ✅ Var | D10: Excel okuma/yazma (pandas bağımlılığı) | E10: ⚠️ Dolaylı | F10: ✅ OK
A11: faker | B11: >=24.0.0 | C11: ✅ Var | D11: synthetic_generator, project_scaffolder | E11: ✅ Evet | F11: ✅ OK
A12: pydantic | B12: >=2.6.0 | C12: ✅ Var | D12: Tüm şemalar, config, servis modelleri | E12: ✅ Evet | F12: ✅ OK
... A23: starlette | B23: N/A | C23: ❌ Yok (FastAPI ile gelir) | D23: middleware/*.py | E23: ✅ Evet | F23: ✅ OK (transitif)
A24: TOPLAM | C24: =COUNTIF(C2:C23,"*Var*")&" tanımlı / "&COUNTIF(C2:C23,"*Yok*")&" eksik" -> 17 tanımlı / 5 eksik

Sheet Test Kapsamı
A1: Modül | B1: Test Dosyası | C1: Test Sayısı | D1: Kapsam Durumu | E1: Notlar
A2: app/api/routes.py | B2: tests/test_api.py | C2: 17 | D2: ⚠️ Kısmi | E2: 21 endpoint için 17 test — bazı endpoint'ler kapsanmamış
A3: app/services/column_classifier.py | B3: tests/test_column_classifier.py | C3: 9 | D3: ⚠️ Kısmi | E3: 1025 satırlık modül için 9 test yeterli değil
A4: app/services/pii_detector.py | B4: tests/test_pii_detector.py | C4: 7 | D4: ⚠️ Kısmi | E4: 1014 satırlık modül için 7 test az
A5: app/services/schema_analyzer.py | B5: tests/test_schema_analyzer.py | C5: 14 | D5: ✅ Yeterli | E5: Temel fonksiyonlar kapsanmış
A6: app/services/rule_engine.py | B6: tests/test_rule_engine.py | C6: 7 | D6: ⚠️ Kısmi | E6: 1586 satırlık modül için 7 test yetersiz
A7: app/services/scenario_generator.py | B7: tests/test_scenario_generator.py | C7: 10 | D7: ⚠️ Kısmi | E7: 1358 satırlık modül için 10 test sınırlı
A8: app/services/synthetic_generator.py | B8: tests/test_synthetic_generator.py | C8: 10 | D8: ⚠️ Kısmi | E8: 2005 satırlık en büyük modül — daha fazla test gerekli
A9: app/services/llm_service.py | B9: tests/test_llm_service.py | C9: 40 | D9: ✅ İyi | E9: Kapsamlı test coverage — mock ve fallback dahil
A10: app/services/qa_engine.py | B10: tests/test_qa_engine.py | C10: 32 | D10: ✅ İyi | E10: 9 adımlık pipeline kapsamlı test edilmiş
A11: app/middleware, audit, webhook vb. | B11: tests/test_enhancements.py | C11: 36 | D11: ✅ İyi | E11: Rate limit, audit, versioning, quality, webhook, export testleri
A12: Çapraz modül entegrasyonu | B12: tests/test_integration.py | C12: 21 | D12: ✅ İyi | E12: Pipeline, PII, senaryo, ilişki, çapraz modül testleri
A13: Performans testleri | B13: tests/test_performance.py | C13: 18 | D13: ✅ İyi | E13: 10K/50K/100K satır, bellek, eşzamanlılık, büyük dosya testleri
... A26: app/api/enhancement_routes.py | B26: — | C26: 0 | D26: ❌ Yok | E26: 465 satırlık route dosyası için ayrı test yok
A27: TOPLAM | C27: =SUM(C2:C26) -> 221 | D27: =COUNTIF(D2:D26,"*İyi*")&" İyi / "&COUNTIF(D2:D26,"*Yeterli*")&" Yeterli / "&COUNTIF(D2:D26,"*Kısmi*")&" Kısmi / "&COUNTIF(D2:D26,"*Yok*")&" Yok" -> 5 İyi / 1 Yeterli / 6 Kısmi / 13 Yok

Sheet Eksikler ve Sorunlar
A1: # | B1: Kategori | C1: Açıklama | D1: Önem | E1: Öneri | F1: Durum
A2: 1 | B2: Bağımlılık | C2: playwright paketi requirements.txt'te tanımlı değil | D2: Kritik | E2: requirements.txt'e playwright>=1.40.0 ekle | F2: ❌ Açık
A3: 2 | B3: Bağımlılık | C3: pytest paketi requirements.txt'te tanımlı değil | D3: Yüksek | E3: requirements-dev.txt oluştur, pytest>=8.0 ekle | F3: ❌ Açık
A4: 3 | B4: Bağımlılık | C4: alembic tanımlı ama hiçbir yerde kullanılmıyor | D4: Düşük | E4: Migration sistemi kurulacaksa kullan, yoksa kaldır | F4: ⚠️ İzleniyor
A5: 4 | B5: Bağımlılık | C5: loguru tanımlı ama hiçbir modülde import edilmiyor | D5: Düşük | E5: Kullanılmıyorsa requirements.txt'ten kaldır | F5: ⚠️ İzleniyor
A6: 5 | B6: Bağımlılık | C6: openai ve anthropic opsiyonel bağımlılıklar — requirements.txt'te yok | D6: Orta | E6: extras_require veya requirements-optional.txt ile belirt | F6: ⚠️ İzleniyor
A7: 6 | B7: Import | C7: project_scaffolder.py — pages.base_page, pages.home_page, pages.login_page bulunamıyor | D7: Kritik | E7: pages/ klasörü oluştur veya import'ları düzelt | F7: ❌ Açık
A8: 7 | B8: Import | C8: project_scaffolder.py — utils.test_data bulunamıyor | D8: Kritik | E8: utils/test_data.py oluştur veya import'u düzelt | F8: ❌ Açık
A9: 8 | B9: Import | C9: qa_engine.py — pages.base_page bulunamıyor | D9: Yüksek | E9: project_scaffolder ile aynı eksik modül sorunu | F9: ❌ Açık
A10: 9 | B10: Import | C10: test_llm_service.py — 'from app.config.settings import' — settings modül değil obje | D10: Orta | E10: 'from app.config import settings' olmalı | F10: ⚠️ İzleniyor
A11: 10 | B11: Test | C11: self_learning.py (1486 satır) için hiç test yok | D11: Yüksek | E11: test_self_learning.py oluştur | F11: ❌ Açık
A12: 11 | B12: Test | C12: relationship_inference.py (1630 satır) için ayrı test yok | D12: Yüksek | E12: test_relationship_inference.py oluştur | F12: ❌ Açık
A13: 12 | B13: Test | C13: monkey_tester.py (1661 satır) için ayrı test yok | D13: Yüksek | E13: test_monkey_tester.py oluştur | F13: ❌ Açık
... A26: 25 | B26: Kod Kalitesi | C26: project_scaffolder.py dosyası hem scaffolding hem test generation yapıyor | D26: Orta | E26: Tek sorumluluk ilkesine göre ayır | F26: ⚠️ İzleniyor
B27: TOPLAM | D27: =COUNTIF(D2:D26,"Kritik")&" Kritik, "&COUNTIF(D2:D26,"Yüksek")&" Yüksek, "&COUNTIF(D2:D26,"Orta")&" Orta, "&COUNTIF(D2:D26,"Düşük")&" Düşük" -> 3 Kritik, 6 Yüksek, 10 Orta, 6 Düşük

Sheet Proje İstatistikleri
A1: Metrik | B1: Değer | C1: Detay
A2: Rapor Tarihi | B2: 2026-03-29 | C2: Otomatik denetim raporu
A3: Proje Adı | B3: SyntheticBankData | C3: Sentetik Banka Verisi Üretim Platformu
A5: --- DOSYA İSTATİSTİKLERİ ---
A6: Toplam Python Dosyası | B6: 52 | C6: app/ + tests/ altındaki tüm .py dosyaları
A7: Uygulama Modülleri | B7: 39 | C7: app/ altındaki .py dosyaları
A8: Test Dosyaları | B8: 13 | C8: tests/ altındaki .py dosyaları (conftest dahil)
A9: Diğer Dosyalar | B9: 11 | C9: CSV (3), JSON (3), YML (1), MD (4)
A10: Toplam Dosya Sayısı | B10: 63 | C10: Tüm proje dosyaları
A12: --- KOD İSTATİSTİKLERİ ---
A13: Toplam Python Satır Sayısı | B13: ='Modül Durumu'!C55 -> 35719 | C13: Formül ile hesaplanır
A14: Uygulama Kodu Satırları | B14: 28647 | C14: app/ altındaki toplam satır
A15: Test Kodu Satırları | B15: 5951 | C15: tests/ altındaki toplam satır
A16: Test/Kod Oranı | B16: =ROUND(B15/B14*100,1)&"%" -> 20.8% | C16: Formül ile hesaplanır
A17: Ortalama Modül Boyutu (satır) | B17: =ROUND(B14/39,0) -> 735 | C17: Formül ile hesaplanır
A18: En Büyük Modül | B18: synthetic_generator.py | C18: 2005 satır
A19: En Küçük Modül | B19: app/__init__.py | C19: 1 satır
A21: --- API İSTATİSTİKLERİ ---
A22: Toplam API Endpoint | B22: =COUNTA('API Endpoint''leri'!B2:B77) -> 75 | C22: Formül ile hesaplanır
A23: GET Endpoint'leri | B23: =COUNTIF('API Endpoint''leri'!C2:C77,"GET") -> 40 | C23: Formül ile hesaplanır
A24: POST Endpoint'leri | B24: =COUNTIF('API Endpoint''leri'!C2:C77,"POST") -> 28 | C24: Formül ile hesaplanır
A25: PUT Endpoint'leri | B25: =COUNTIF('API Endpoint''leri'!C2:C77,"PUT") -> 1 | C25: Formül ile hesaplanır
A26: DELETE Endpoint'leri | B26: =COUNTIF('API Endpoint''leri'!C2:C77,"DELETE") -> 5 | C26: Formül ile hesaplanır
A27: Route Dosyası Sayısı | B27: 9 | C27: 4 ana route + 5 servis router
A29: --- TEST İSTATİSTİKLERİ ---
A30: Toplam Test Fonksiyonu | B30: =SUM('Test Kapsamı'!C2:C26) -> 221 | C30: Formül ile hesaplanır
A31: Test Dosyası Sayısı | B31: 12 | C31: conftest hariç
A32: Kapsanmayan Büyük Modüller | B32: 5 | C32: self_learning, relationship_inference, monkey_tester, project_scaffolder, helpers
A34: --- BAĞIMLILIK İSTATİSTİKLERİ ---
A35: requirements.txt Paket Sayısı | B35: 17 | C35: Doğrudan bağımlılıklar
A36: Eksik Bağımlılıklar | B36: 2 | C36: playwright, pytest
A37: Kullanılmayan Bağımlılıklar | B37: 2 | C37: alembic, loguru
A38: Opsiyonel Bağımlılıklar | B38: 2 | C38: openai, anthropic
A40: --- SORUN İSTATİSTİKLERİ --- | B40: =COUNTA('Eksikler ve Sorunlar'!B2:B26) -> 25
A41: Toplam Tespit Edilen Sorun | B41: =COUNTIF('Eksikler ve Sorunlar'!D2:D26,"Kritik") -> 3 | C41: Formül ile hesaplanır
A42: Kritik Sorunlar | B42: =COUNTIF('Eksikler ve Sorunlar'!D2:D26,"Yüksek") -> 6 | C42: Formül ile hesaplanır
A43: Yüksek Öncelikli Sorunlar | B43: =COUNTIF('Eksikler ve Sorunlar'!D2:D26,"Orta") -> 10 | C43: Formül ile hesaplanır
A44: Orta Öncelikli Sorunlar | B44: =COUNTIF('Eksikler ve Sorunlar'!D2:D26,"Düşük") -> 6 | C44: Formül ile hesaplanır
A45: Düşük Öncelikli Sorunlar | C45: Formül ile hesaplanır
A46: Syntax Hatası | B46: 0 | C46: Tüm dosyalar syntax kontrolünden geçti
